{"stats":{"minecraft:custom":{"minecraft:jump":247,"minecraft:time_since_rest":3816,"minecraft:leave_game":1,"minecraft:deaths":1,"minecraft:damage_dealt":10,"minecraft:crouch_one_cm":227,"minecraft:damage_taken":245,"minecraft:sprint_one_cm":29137,"minecraft:play_time":12189,"minecraft:walk_on_water_one_cm":576,"minecraft:time_since_death":3787,"minecraft:walk_one_cm":8462,"minecraft:sneak_time":146,"minecraft:total_world_time":12189,"minecraft:walk_under_water_one_cm":464,"minecraft:swim_one_cm":10666,"minecraft:fall_one_cm":4375,"minecraft:fly_one_cm":287780}},"DataVersion":3465}