{"stats":{"minecraft:mined":{"minecraft:smithing_table":1},"minecraft:picked_up":{"minecraft:item_frame":1,"minecraft:smithing_table":1,"minecraft:iron_sword":1},"minecraft:custom":{"minecraft:jump":262,"minecraft:time_since_rest":6815,"minecraft:damage_dealt":10,"minecraft:damage_taken":245,"minecraft:leave_game":2,"minecraft:crouch_one_cm":367,"minecraft:time_since_death":6786,"minecraft:play_time":15188,"minecraft:sprint_one_cm":34759,"minecraft:walk_one_cm":25673,"minecraft:walk_on_water_one_cm":576,"minecraft:deaths":1,"minecraft:sneak_time":210,"minecraft:climb_one_cm":583,"minecraft:total_world_time":15188,"minecraft:walk_under_water_one_cm":464,"minecraft:swim_one_cm":10666,"minecraft:fall_one_cm":4375,"minecraft:fly_one_cm":289124}},"DataVersion":3465}